number,type,original,destination,verified,verification
1,rdf,http://localhost:8080/SSstagingFedora4/rest,/dlt/scholarsphere/ssrepo1stage/fedora/export/SSstagingFedora4/rest.ttl,True,131 triples
2,rdf,http://localhost:8080/SSstagingFedora4/rest/prod,/dlt/scholarsphere/ssrepo1stage/fedora/export/SSstagingFedora4/rest/prod.ttl,True,26645 triples
3,rdf,http://localhost:8080/SSstagingFedora4/rest/prod/88/58/bd/b9/8858bdb9-03be-402a-9abc-1b69a8c2cf45,/dlt/scholarsphere/ssrepo1stage/fedora/export/SSstagingFedora4/rest/prod/88/58/bd/b9/8858bdb9-03be-402a-9abc-1b69a8c2cf45.ttl,True,27 triples
4,rdf,http://localhost:8080/SSstagingFedora4/rest/prod/f7/62/3c/60/f7623c602,/dlt/scholarsphere/ssrepo1stage/fedora/export/SSstagingFedora4/rest/prod/f7/62/3c/60/f7623c602.ttl,True,25 triples
5,rdf,http://localhost:8080/SSstagingFedora4/rest/prod/3f/85/41/ab/3f8541ab-887c-4abb-9014-43c5ff2709d5,/dlt/scholarsphere/ssrepo1stage/fedora/export/SSstagingFedora4/rest/prod/3f/85/41/ab/3f8541ab-887c-4abb-9014-43c5ff2709d5.ttl,True,27 triples
6,rdf,http://localhost:8080/SSstagingFedora4/rest/prod/53/73/e0/67/5373e067-006d-4d4f-ab08-a78f174e8ea6,/dlt/scholarsphere/ssrepo1stage/fedora/export/SSstagingFedora4/rest/prod/53/73/e0/67/5373e067-006d-4d4f-ab08-a78f174e8ea6.ttl,True,27 triples
7,rdf,http://localhost:8080/SSstagingFedora4/rest/prod/8b/b4/f1/ce/8bb4f1ce-704f-4555-a243-e9e03c05687f,/dlt/scholarsphere/ssrepo1stage/fedora/export/SSstagingFedora4/rest/prod/8b/b4/f1/ce/8bb4f1ce-704f-4555-a243-e9e03c05687f.ttl,True,27 triples
8,rdf,http://localhost:8080/SSstagingFedora4/rest/prod/42/e1/68/9c/42e1689c-1331-4c12-8445-6b647147ad0a,/dlt/scholarsphere/ssrepo1stage/fedora/export/SSstagingFedora4/rest/prod/42/e1/68/9c/42e1689c-1331-4c12-8445-6b647147ad0a.ttl,True,27 triples
9,rdf,http://localhost:8080/SSstagingFedora4/rest/prod/r7/81/wn/14/r781wn14z,/dlt/scholarsphere/ssrepo1stage/fedora/export/SSstagingFedora4/rest/prod/r7/81/wn/14/r781wn14z.ttl,True,37 triples
10,binary,http://localhost:8080/SSstagingFedora4/rest/prod/r7/81/wn/14/r781wn14z/content,/dlt/scholarsphere/ssrepo1stage/fedora/export/SSstagingFedora4/rest/prod/r7/81/wn/14/r781wn14z/content.binary,False, != 61dc5fd90b999b6e3368fd4eec00998e3144e178
11,rdf,http://localhost:8080/SSstagingFedora4/rest/prod/r7/81/wn/14/r781wn14z/content/fcr:metadata,/dlt/scholarsphere/ssrepo1stage/fedora/export/SSstagingFedora4/rest/prod/r7/81/wn/14/r781wn14z/content/fcr%3Ametadata.ttl,True,46 triples
12,binary,http://localhost:8080/SSstagingFedora4/rest/prod/r7/81/wn/14/r781wn14z/characterization,/dlt/scholarsphere/ssrepo1stage/fedora/export/SSstagingFedora4/rest/prod/r7/81/wn/14/r781wn14z/characterization.binary,False, != 2fd1b194275214a8ad1e6a4cf719789ec58a74f3
13,rdf,http://localhost:8080/SSstagingFedora4/rest/prod/r7/81/wn/14/r781wn14z/characterization/fcr:metadata,/dlt/scholarsphere/ssrepo1stage/fedora/export/SSstagingFedora4/rest/prod/r7/81/wn/14/r781wn14z/characterization/fcr%3Ametadata.ttl,True,42 triples
14,binary,http://localhost:8080/SSstagingFedora4/rest/prod/r7/81/wn/14/r781wn14z/thumbnail,/dlt/scholarsphere/ssrepo1stage/fedora/export/SSstagingFedora4/rest/prod/r7/81/wn/14/r781wn14z/thumbnail.binary,False, != d21648ce87082b43af4f4323c232e7d988d95fae
15,rdf,http://localhost:8080/SSstagingFedora4/rest/prod/r7/81/wn/14/r781wn14z/thumbnail/fcr:metadata,/dlt/scholarsphere/ssrepo1stage/fedora/export/SSstagingFedora4/rest/prod/r7/81/wn/14/r781wn14z/thumbnail/fcr%3Ametadata.ttl,True,42 triples
16,binary,http://localhost:8080/SSstagingFedora4/rest/prod/r7/81/wn/14/r781wn14z/full_text,/dlt/scholarsphere/ssrepo1stage/fedora/export/SSstagingFedora4/rest/prod/r7/81/wn/14/r781wn14z/full_text.binary,False, != bb5a03e667896f6b48f9c0d758b27e48a85c953f
17,rdf,http://localhost:8080/SSstagingFedora4/rest/prod/r7/81/wn/14/r781wn14z/full_text/fcr:metadata,/dlt/scholarsphere/ssrepo1stage/fedora/export/SSstagingFedora4/rest/prod/r7/81/wn/14/r781wn14z/full_text/fcr%3Ametadata.ttl,True,42 triples
18,rdf,http://localhost:8080/SSstagingFedora4/rest/prod/30/dd/1f/1d/30dd1f1d-fdef-4012-9fe5-0723a5e898ff,/dlt/scholarsphere/ssrepo1stage/fedora/export/SSstagingFedora4/rest/prod/30/dd/1f/1d/30dd1f1d-fdef-4012-9fe5-0723a5e898ff.ttl,True,27 triples
19,rdf,http://localhost:8080/SSstagingFedora4/rest/prod/3d/76/8b/c6/3d768bc6-40b6-4fd6-a6b5-3bcb77bd07c6,/dlt/scholarsphere/ssrepo1stage/fedora/export/SSstagingFedora4/rest/prod/3d/76/8b/c6/3d768bc6-40b6-4fd6-a6b5-3bcb77bd07c6.ttl,True,26 triples
20,rdf,http://localhost:8080/SSstagingFedora4/rest/prod/86/23/j4/59/8623j459k,/dlt/scholarsphere/ssrepo1stage/fedora/export/SSstagingFedora4/rest/prod/86/23/j4/59/8623j459k.ttl,True,37 triples
21,binary,http://localhost:8080/SSstagingFedora4/rest/prod/86/23/j4/59/8623j459k/thumbnail,/dlt/scholarsphere/ssrepo1stage/fedora/export/SSstagingFedora4/rest/prod/86/23/j4/59/8623j459k/thumbnail.binary,False, != 6905fe37f38da66e6dc0ac21dcf84713942a6bb2
22,rdf,http://localhost:8080/SSstagingFedora4/rest/prod/86/23/j4/59/8623j459k/thumbnail/fcr:metadata,/dlt/scholarsphere/ssrepo1stage/fedora/export/SSstagingFedora4/rest/prod/86/23/j4/59/8623j459k/thumbnail/fcr%3Ametadata.ttl,True,42 triples
23,binary,http://localhost:8080/SSstagingFedora4/rest/prod/86/23/j4/59/8623j459k/full_text,/dlt/scholarsphere/ssrepo1stage/fedora/export/SSstagingFedora4/rest/prod/86/23/j4/59/8623j459k/full_text.binary,False, != 41d7e9b0c9022eb7ba36927fd18dca6afcd3bb89
24,rdf,http://localhost:8080/SSstagingFedora4/rest/prod/86/23/j4/59/8623j459k/full_text/fcr:metadata,/dlt/scholarsphere/ssrepo1stage/fedora/export/SSstagingFedora4/rest/prod/86/23/j4/59/8623j459k/full_text/fcr%3Ametadata.ttl,True,42 triples
25,binary,http://localhost:8080/SSstagingFedora4/rest/prod/86/23/j4/59/8623j459k/content,/dlt/scholarsphere/ssrepo1stage/fedora/export/SSstagingFedora4/rest/prod/86/23/j4/59/8623j459k/content.binary,False, != c8c20c89be7a689daa1fda4120bca0a32d2b20ce
26,rdf,http://localhost:8080/SSstagingFedora4/rest/prod/86/23/j4/59/8623j459k/content/fcr:metadata,/dlt/scholarsphere/ssrepo1stage/fedora/export/SSstagingFedora4/rest/prod/86/23/j4/59/8623j459k/content/fcr%3Ametadata.ttl,True,46 triples
27,binary,http://localhost:8080/SSstagingFedora4/rest/prod/86/23/j4/59/8623j459k/characterization,/dlt/scholarsphere/ssrepo1stage/fedora/export/SSstagingFedora4/rest/prod/86/23/j4/59/8623j459k/characterization.binary,False, != bde3b5a203c6e19708b287c42281f17e57080b27
28,rdf,http://localhost:8080/SSstagingFedora4/rest/prod/86/23/j4/59/8623j459k/characterization/fcr:metadata,/dlt/scholarsphere/ssrepo1stage/fedora/export/SSstagingFedora4/rest/prod/86/23/j4/59/8623j459k/characterization/fcr%3Ametadata.ttl,True,42 triples
29,rdf,http://localhost:8080/SSstagingFedora4/rest/prod/5c/c6/5b/ae/5cc65bae-e841-412e-ad3a-d79e7a62b6d6,/dlt/scholarsphere/ssrepo1stage/fedora/export/SSstagingFedora4/rest/prod/5c/c6/5b/ae/5cc65bae-e841-412e-ad3a-d79e7a62b6d6.ttl,True,27 triples
30,rdf,http://localhost:8080/SSstagingFedora4/rest/prod/77/62/a1/1b/7762a11b-2d33-4810-83bb-8956d47de7db,/dlt/scholarsphere/ssrepo1stage/fedora/export/SSstagingFedora4/rest/prod/77/62/a1/1b/7762a11b-2d33-4810-83bb-8956d47de7db.ttl,True,27 triples
31,rdf,http://localhost:8080/SSstagingFedora4/rest/prod/f2/40/f1/68/f240f168-2397-4c5e-a1d8-8d9bf00f44ee,/dlt/scholarsphere/ssrepo1stage/fedora/export/SSstagingFedora4/rest/prod/f2/40/f1/68/f240f168-2397-4c5e-a1d8-8d9bf00f44ee.ttl,True,27 triples
32,rdf,http://localhost:8080/SSstagingFedora4/rest/prod/8f/14/2d/55/8f142d55-3ffe-484e-a499-681f19562416,/dlt/scholarsphere/ssrepo1stage/fedora/export/SSstagingFedora4/rest/prod/8f/14/2d/55/8f142d55-3ffe-484e-a499-681f19562416.ttl,True,27 triples
33,rdf,http://localhost:8080/SSstagingFedora4/rest/prod/ff/c9/b4/0a/ffc9b40a-886c-4098-a546-1fc63ed6283e,/dlt/scholarsphere/ssrepo1stage/fedora/export/SSstagingFedora4/rest/prod/ff/c9/b4/0a/ffc9b40a-886c-4098-a546-1fc63ed6283e.ttl,True,27 triples
34,rdf,http://localhost:8080/SSstagingFedora4/rest/prod/22/27/mp/72/2227mp72v,/dlt/scholarsphere/ssrepo1stage/fedora/export/SSstagingFedora4/rest/prod/22/27/mp/72/2227mp72v.ttl,True,41 triples
35,binary,http://localhost:8080/SSstagingFedora4/rest/prod/22/27/mp/72/2227mp72v/full_text,/dlt/scholarsphere/ssrepo1stage/fedora/export/SSstagingFedora4/rest/prod/22/27/mp/72/2227mp72v/full_text.binary,False, != 9aa2df154fd1a4a5df47520dba28cb8ed5059fd1
36,rdf,http://localhost:8080/SSstagingFedora4/rest/prod/22/27/mp/72/2227mp72v/full_text/fcr:metadata,/dlt/scholarsphere/ssrepo1stage/fedora/export/SSstagingFedora4/rest/prod/22/27/mp/72/2227mp72v/full_text/fcr%3Ametadata.ttl,True,41 triples
37,binary,http://localhost:8080/SSstagingFedora4/rest/prod/22/27/mp/72/2227mp72v/thumbnail,/dlt/scholarsphere/ssrepo1stage/fedora/export/SSstagingFedora4/rest/prod/22/27/mp/72/2227mp72v/thumbnail.binary,False, != 124bb4d774827c68968c57ec43303a16305b3c13
38,rdf,http://localhost:8080/SSstagingFedora4/rest/prod/22/27/mp/72/2227mp72v/thumbnail/fcr:metadata,/dlt/scholarsphere/ssrepo1stage/fedora/export/SSstagingFedora4/rest/prod/22/27/mp/72/2227mp72v/thumbnail/fcr%3Ametadata.ttl,True,41 triples
39,binary,http://localhost:8080/SSstagingFedora4/rest/prod/22/27/mp/72/2227mp72v/characterization,/dlt/scholarsphere/ssrepo1stage/fedora/export/SSstagingFedora4/rest/prod/22/27/mp/72/2227mp72v/characterization.binary,False, != 56601a4b5917f34b2a1abcb84d0414ebd8d09921
40,rdf,http://localhost:8080/SSstagingFedora4/rest/prod/22/27/mp/72/2227mp72v/characterization/fcr:metadata,/dlt/scholarsphere/ssrepo1stage/fedora/export/SSstagingFedora4/rest/prod/22/27/mp/72/2227mp72v/characterization/fcr%3Ametadata.ttl,True,41 triples
41,binary,http://localhost:8080/SSstagingFedora4/rest/prod/22/27/mp/72/2227mp72v/content,/dlt/scholarsphere/ssrepo1stage/fedora/export/SSstagingFedora4/rest/prod/22/27/mp/72/2227mp72v/content.binary,False, != 3581474af77af28f9b5654b836a26d28f5a6b839
42,rdf,http://localhost:8080/SSstagingFedora4/rest/prod/22/27/mp/72/2227mp72v/content/fcr:metadata,/dlt/scholarsphere/ssrepo1stage/fedora/export/SSstagingFedora4/rest/prod/22/27/mp/72/2227mp72v/content/fcr%3Ametadata.ttl,True,45 triples
43,rdf,http://localhost:8080/SSstagingFedora4/rest/prod/57/8a/10/c1/578a10c1-ebea-410f-b1c9-491cc4b726e5,/dlt/scholarsphere/ssrepo1stage/fedora/export/SSstagingFedora4/rest/prod/57/8a/10/c1/578a10c1-ebea-410f-b1c9-491cc4b726e5.ttl,True,27 triples
44,rdf,http://localhost:8080/SSstagingFedora4/rest/prod/87/b4/c4/6e/87b4c46e-96fd-4f45-a307-801caf14803b,/dlt/scholarsphere/ssrepo1stage/fedora/export/SSstagingFedora4/rest/prod/87/b4/c4/6e/87b4c46e-96fd-4f45-a307-801caf14803b.ttl,True,26 triples
45,rdf,http://localhost:8080/SSstagingFedora4/rest/prod/53/7d/9d/d6/537d9dd6-ca6a-410f-9f1d-b9e59fe1cabb,/dlt/scholarsphere/ssrepo1stage/fedora/export/SSstagingFedora4/rest/prod/53/7d/9d/d6/537d9dd6-ca6a-410f-9f1d-b9e59fe1cabb.ttl,True,27 triples
46,rdf,http://localhost:8080/SSstagingFedora4/rest/prod/75/a6/5c/35/75a65c35-7624-4ccf-b7c4-43cb9eb28ab8,/dlt/scholarsphere/ssrepo1stage/fedora/export/SSstagingFedora4/rest/prod/75/a6/5c/35/75a65c35-7624-4ccf-b7c4-43cb9eb28ab8.ttl,True,27 triples
47,rdf,http://localhost:8080/SSstagingFedora4/rest/prod/5d/5c/68/d3/5d5c68d3-09b4-4223-a872-2fc92ed95e72,/dlt/scholarsphere/ssrepo1stage/fedora/export/SSstagingFedora4/rest/prod/5d/5c/68/d3/5d5c68d3-09b4-4223-a872-2fc92ed95e72.ttl,True,27 triples
48,rdf,http://localhost:8080/SSstagingFedora4/rest/prod/w0/89/2b/00/w0892b00c,/dlt/scholarsphere/ssrepo1stage/fedora/export/SSstagingFedora4/rest/prod/w0/89/2b/00/w0892b00c.ttl,True,37 triples
49,binary,http://localhost:8080/SSstagingFedora4/rest/prod/w0/89/2b/00/w0892b00c/characterization,/dlt/scholarsphere/ssrepo1stage/fedora/export/SSstagingFedora4/rest/prod/w0/89/2b/00/w0892b00c/characterization.binary,False, != 0a501a25934727a2f135518928cbf2bd735d9bc8
50,rdf,http://localhost:8080/SSstagingFedora4/rest/prod/w0/89/2b/00/w0892b00c/characterization/fcr:metadata,/dlt/scholarsphere/ssrepo1stage/fedora/export/SSstagingFedora4/rest/prod/w0/89/2b/00/w0892b00c/characterization/fcr%3Ametadata.ttl,True,42 triples
51,binary,http://localhost:8080/SSstagingFedora4/rest/prod/w0/89/2b/00/w0892b00c/thumbnail,/dlt/scholarsphere/ssrepo1stage/fedora/export/SSstagingFedora4/rest/prod/w0/89/2b/00/w0892b00c/thumbnail.binary,False, != 53f1077e28f1d97503a15e6dd61a733f1342e830
52,rdf,http://localhost:8080/SSstagingFedora4/rest/prod/w0/89/2b/00/w0892b00c/thumbnail/fcr:metadata,/dlt/scholarsphere/ssrepo1stage/fedora/export/SSstagingFedora4/rest/prod/w0/89/2b/00/w0892b00c/thumbnail/fcr%3Ametadata.ttl,True,42 triples
53,binary,http://localhost:8080/SSstagingFedora4/rest/prod/w0/89/2b/00/w0892b00c/full_text,/dlt/scholarsphere/ssrepo1stage/fedora/export/SSstagingFedora4/rest/prod/w0/89/2b/00/w0892b00c/full_text.binary,False, != d08f88df745fa7950b104e4a707a31cfce7b5841
54,rdf,http://localhost:8080/SSstagingFedora4/rest/prod/w0/89/2b/00/w0892b00c/full_text/fcr:metadata,/dlt/scholarsphere/ssrepo1stage/fedora/export/SSstagingFedora4/rest/prod/w0/89/2b/00/w0892b00c/full_text/fcr%3Ametadata.ttl,True,42 triples
55,binary,http://localhost:8080/SSstagingFedora4/rest/prod/w0/89/2b/00/w0892b00c/content,/dlt/scholarsphere/ssrepo1stage/fedora/export/SSstagingFedora4/rest/prod/w0/89/2b/00/w0892b00c/content.binary,False, != 11c4a1d8628ef0c82596052b0e4be2c7dc76fe95
56,rdf,http://localhost:8080/SSstagingFedora4/rest/prod/w0/89/2b/00/w0892b00c/content/fcr:metadata,/dlt/scholarsphere/ssrepo1stage/fedora/export/SSstagingFedora4/rest/prod/w0/89/2b/00/w0892b00c/content/fcr%3Ametadata.ttl,True,46 triples
57,rdf,http://localhost:8080/SSstagingFedora4/rest/prod/32/fc/a8/14/32fca814-7f3f-4913-9718-95e79605f840,/dlt/scholarsphere/ssrepo1stage/fedora/export/SSstagingFedora4/rest/prod/32/fc/a8/14/32fca814-7f3f-4913-9718-95e79605f840.ttl,True,27 triples
58,rdf,http://localhost:8080/SSstagingFedora4/rest/prod/gb/19/f5/89/gb19f5896,/dlt/scholarsphere/ssrepo1stage/fedora/export/SSstagingFedora4/rest/prod/gb/19/f5/89/gb19f5896.ttl,True,41 triples
59,binary,http://localhost:8080/SSstagingFedora4/rest/prod/gb/19/f5/89/gb19f5896/thumbnail,/dlt/scholarsphere/ssrepo1stage/fedora/export/SSstagingFedora4/rest/prod/gb/19/f5/89/gb19f5896/thumbnail.binary,False, != 04688899b3900babe93635ddeff2658f04307866
60,rdf,http://localhost:8080/SSstagingFedora4/rest/prod/gb/19/f5/89/gb19f5896/thumbnail/fcr:metadata,/dlt/scholarsphere/ssrepo1stage/fedora/export/SSstagingFedora4/rest/prod/gb/19/f5/89/gb19f5896/thumbnail/fcr%3Ametadata.ttl,True,41 triples
61,binary,http://localhost:8080/SSstagingFedora4/rest/prod/gb/19/f5/89/gb19f5896/content,/dlt/scholarsphere/ssrepo1stage/fedora/export/SSstagingFedora4/rest/prod/gb/19/f5/89/gb19f5896/content.binary,False, != a8501c5064cafeef68dbd84a1cc69ada3c73de8b
62,rdf,http://localhost:8080/SSstagingFedora4/rest/prod/gb/19/f5/89/gb19f5896/content/fcr:metadata,/dlt/scholarsphere/ssrepo1stage/fedora/export/SSstagingFedora4/rest/prod/gb/19/f5/89/gb19f5896/content/fcr%3Ametadata.ttl,True,45 triples
63,binary,http://localhost:8080/SSstagingFedora4/rest/prod/gb/19/f5/89/gb19f5896/full_text,/dlt/scholarsphere/ssrepo1stage/fedora/export/SSstagingFedora4/rest/prod/gb/19/f5/89/gb19f5896/full_text.binary,False, != 5e18aaf11a61694dbcd601fa4b020c442eac2e73
64,rdf,http://localhost:8080/SSstagingFedora4/rest/prod/gb/19/f5/89/gb19f5896/full_text/fcr:metadata,/dlt/scholarsphere/ssrepo1stage/fedora/export/SSstagingFedora4/rest/prod/gb/19/f5/89/gb19f5896/full_text/fcr%3Ametadata.ttl,True,41 triples
65,binary,http://localhost:8080/SSstagingFedora4/rest/prod/gb/19/f5/89/gb19f5896/characterization,/dlt/scholarsphere/ssrepo1stage/fedora/export/SSstagingFedora4/rest/prod/gb/19/f5/89/gb19f5896/characterization.binary,False, != 691d84892ea1c929cf62b4989ce94054075d40a4
66,rdf,http://localhost:8080/SSstagingFedora4/rest/prod/gb/19/f5/89/gb19f5896/characterization/fcr:metadata,/dlt/scholarsphere/ssrepo1stage/fedora/export/SSstagingFedora4/rest/prod/gb/19/f5/89/gb19f5896/characterization/fcr%3Ametadata.ttl,True,41 triples
67,rdf,http://localhost:8080/SSstagingFedora4/rest/prod/g1/58/bh/29/g158bh29z,/dlt/scholarsphere/ssrepo1stage/fedora/export/SSstagingFedora4/rest/prod/g1/58/bh/29/g158bh29z.ttl,True,44 triples
68,binary,http://localhost:8080/SSstagingFedora4/rest/prod/g1/58/bh/29/g158bh29z/content,/dlt/scholarsphere/ssrepo1stage/fedora/export/SSstagingFedora4/rest/prod/g1/58/bh/29/g158bh29z/content.binary,False, != 8527973865f9c3d01300f2bc29a0b1ced809648c
69,rdf,http://localhost:8080/SSstagingFedora4/rest/prod/g1/58/bh/29/g158bh29z/content/fcr:metadata,/dlt/scholarsphere/ssrepo1stage/fedora/export/SSstagingFedora4/rest/prod/g1/58/bh/29/g158bh29z/content/fcr%3Ametadata.ttl,True,46 triples
70,binary,http://localhost:8080/SSstagingFedora4/rest/prod/g1/58/bh/29/g158bh29z/thumbnail,/dlt/scholarsphere/ssrepo1stage/fedora/export/SSstagingFedora4/rest/prod/g1/58/bh/29/g158bh29z/thumbnail.binary,False, != 4a8073e92f95c22555b28d71343bc347ac37d71b
71,rdf,http://localhost:8080/SSstagingFedora4/rest/prod/g1/58/bh/29/g158bh29z/thumbnail/fcr:metadata,/dlt/scholarsphere/ssrepo1stage/fedora/export/SSstagingFedora4/rest/prod/g1/58/bh/29/g158bh29z/thumbnail/fcr%3Ametadata.ttl,True,42 triples
72,binary,http://localhost:8080/SSstagingFedora4/rest/prod/g1/58/bh/29/g158bh29z/characterization,/dlt/scholarsphere/ssrepo1stage/fedora/export/SSstagingFedora4/rest/prod/g1/58/bh/29/g158bh29z/characterization.binary,False, != 75823e48bbe5f24bab25af17ce19c61b7a79fd4b
73,rdf,http://localhost:8080/SSstagingFedora4/rest/prod/g1/58/bh/29/g158bh29z/characterization/fcr:metadata,/dlt/scholarsphere/ssrepo1stage/fedora/export/SSstagingFedora4/rest/prod/g1/58/bh/29/g158bh29z/characterization/fcr%3Ametadata.ttl,True,42 triples
74,binary,http://localhost:8080/SSstagingFedora4/rest/prod/g1/58/bh/29/g158bh29z/full_text,/dlt/scholarsphere/ssrepo1stage/fedora/export/SSstagingFedora4/rest/prod/g1/58/bh/29/g158bh29z/full_text.binary,False, != 0457cb99498f428eb94587b7ba7a038ab3a233b0
75,rdf,http://localhost:8080/SSstagingFedora4/rest/prod/g1/58/bh/29/g158bh29z/full_text/fcr:metadata,/dlt/scholarsphere/ssrepo1stage/fedora/export/SSstagingFedora4/rest/prod/g1/58/bh/29/g158bh29z/full_text/fcr%3Ametadata.ttl,True,42 triples
76,rdf,http://localhost:8080/SSstagingFedora4/rest/prod/63/3a/4c/2a/633a4c2a-ffa0-426f-848e-d1539c58b045,/dlt/scholarsphere/ssrepo1stage/fedora/export/SSstagingFedora4/rest/prod/63/3a/4c/2a/633a4c2a-ffa0-426f-848e-d1539c58b045.ttl,True,27 triples
77,rdf,http://localhost:8080/SSstagingFedora4/rest/prod/4f/16/c2/86/4f16c286v,/dlt/scholarsphere/ssrepo1stage/fedora/export/SSstagingFedora4/rest/prod/4f/16/c2/86/4f16c286v.ttl,True,41 triples
78,binary,http://localhost:8080/SSstagingFedora4/rest/prod/4f/16/c2/86/4f16c286v/content,/dlt/scholarsphere/ssrepo1stage/fedora/export/SSstagingFedora4/rest/prod/4f/16/c2/86/4f16c286v/content.binary,False, != 08bdbbb74097397751ae1d6229e50fa3585474c8
79,rdf,http://localhost:8080/SSstagingFedora4/rest/prod/4f/16/c2/86/4f16c286v/content/fcr:metadata,/dlt/scholarsphere/ssrepo1stage/fedora/export/SSstagingFedora4/rest/prod/4f/16/c2/86/4f16c286v/content/fcr%3Ametadata.ttl,True,45 triples
80,binary,http://localhost:8080/SSstagingFedora4/rest/prod/4f/16/c2/86/4f16c286v/characterization,/dlt/scholarsphere/ssrepo1stage/fedora/export/SSstagingFedora4/rest/prod/4f/16/c2/86/4f16c286v/characterization.binary,False, != 481e3d8d6ca075274e6b1e1b35eb2c80d1a91fee
81,rdf,http://localhost:8080/SSstagingFedora4/rest/prod/4f/16/c2/86/4f16c286v/characterization/fcr:metadata,/dlt/scholarsphere/ssrepo1stage/fedora/export/SSstagingFedora4/rest/prod/4f/16/c2/86/4f16c286v/characterization/fcr%3Ametadata.ttl,True,41 triples
82,binary,http://localhost:8080/SSstagingFedora4/rest/prod/4f/16/c2/86/4f16c286v/thumbnail,/dlt/scholarsphere/ssrepo1stage/fedora/export/SSstagingFedora4/rest/prod/4f/16/c2/86/4f16c286v/thumbnail.binary,False, != ab1160139bf89584869655a29043a43deb0ad433
83,rdf,http://localhost:8080/SSstagingFedora4/rest/prod/4f/16/c2/86/4f16c286v/thumbnail/fcr:metadata,/dlt/scholarsphere/ssrepo1stage/fedora/export/SSstagingFedora4/rest/prod/4f/16/c2/86/4f16c286v/thumbnail/fcr%3Ametadata.ttl,True,41 triples
84,binary,http://localhost:8080/SSstagingFedora4/rest/prod/4f/16/c2/86/4f16c286v/full_text,/dlt/scholarsphere/ssrepo1stage/fedora/export/SSstagingFedora4/rest/prod/4f/16/c2/86/4f16c286v/full_text.binary,False, != c396482bad6bec389a2e938edc5b8db88e76083c
85,rdf,http://localhost:8080/SSstagingFedora4/rest/prod/4f/16/c2/86/4f16c286v/full_text/fcr:metadata,/dlt/scholarsphere/ssrepo1stage/fedora/export/SSstagingFedora4/rest/prod/4f/16/c2/86/4f16c286v/full_text/fcr%3Ametadata.ttl,True,41 triples
86,rdf,http://localhost:8080/SSstagingFedora4/rest/prod/9f/cb/47/cd/9fcb47cd-a269-4c0b-85b3-2bdcc1576b0b,/dlt/scholarsphere/ssrepo1stage/fedora/export/SSstagingFedora4/rest/prod/9f/cb/47/cd/9fcb47cd-a269-4c0b-85b3-2bdcc1576b0b.ttl,True,27 triples
87,rdf,http://localhost:8080/SSstagingFedora4/rest/prod/57/12/mr/74/5712mr74g,/dlt/scholarsphere/ssrepo1stage/fedora/export/SSstagingFedora4/rest/prod/57/12/mr/74/5712mr74g.ttl,True,24 triples
88,rdf,http://localhost:8080/SSstagingFedora4/rest/prod/9f/e6/01/30/9fe60130-9bc3-4337-aa96-52a94beb1739,/dlt/scholarsphere/ssrepo1stage/fedora/export/SSstagingFedora4/rest/prod/9f/e6/01/30/9fe60130-9bc3-4337-aa96-52a94beb1739.ttl,True,27 triples
89,rdf,http://localhost:8080/SSstagingFedora4/rest/prod/sf/26/88/53/sf268853s,/dlt/scholarsphere/ssrepo1stage/fedora/export/SSstagingFedora4/rest/prod/sf/26/88/53/sf268853s.ttl,True,46 triples
90,binary,http://localhost:8080/SSstagingFedora4/rest/prod/sf/26/88/53/sf268853s/thumbnail,/dlt/scholarsphere/ssrepo1stage/fedora/export/SSstagingFedora4/rest/prod/sf/26/88/53/sf268853s/thumbnail.binary,False, != 6b40329265923faa314ad8cb2ab05106a1bd6e26
91,rdf,http://localhost:8080/SSstagingFedora4/rest/prod/sf/26/88/53/sf268853s/thumbnail/fcr:metadata,/dlt/scholarsphere/ssrepo1stage/fedora/export/SSstagingFedora4/rest/prod/sf/26/88/53/sf268853s/thumbnail/fcr%3Ametadata.ttl,True,42 triples
92,binary,http://localhost:8080/SSstagingFedora4/rest/prod/sf/26/88/53/sf268853s/characterization,/dlt/scholarsphere/ssrepo1stage/fedora/export/SSstagingFedora4/rest/prod/sf/26/88/53/sf268853s/characterization.binary,False, != de5de92a92784b001be32d1ab27da08c3677412f
93,rdf,http://localhost:8080/SSstagingFedora4/rest/prod/sf/26/88/53/sf268853s/characterization/fcr:metadata,/dlt/scholarsphere/ssrepo1stage/fedora/export/SSstagingFedora4/rest/prod/sf/26/88/53/sf268853s/characterization/fcr%3Ametadata.ttl,True,42 triples
94,binary,http://localhost:8080/SSstagingFedora4/rest/prod/sf/26/88/53/sf268853s/content,/dlt/scholarsphere/ssrepo1stage/fedora/export/SSstagingFedora4/rest/prod/sf/26/88/53/sf268853s/content.binary,False, != bb7d52984a181b46200756184a207ca49e2d8b07
95,rdf,http://localhost:8080/SSstagingFedora4/rest/prod/sf/26/88/53/sf268853s/content/fcr:metadata,/dlt/scholarsphere/ssrepo1stage/fedora/export/SSstagingFedora4/rest/prod/sf/26/88/53/sf268853s/content/fcr%3Ametadata.ttl,True,46 triples
96,rdf,http://localhost:8080/SSstagingFedora4/rest/prod/7w/62/f8/26/7w62f826z,/dlt/scholarsphere/ssrepo1stage/fedora/export/SSstagingFedora4/rest/prod/7w/62/f8/26/7w62f826z.ttl,True,41 triples
97,binary,http://localhost:8080/SSstagingFedora4/rest/prod/7w/62/f8/26/7w62f826z/full_text,/dlt/scholarsphere/ssrepo1stage/fedora/export/SSstagingFedora4/rest/prod/7w/62/f8/26/7w62f826z/full_text.binary,False, != 8984f780190a92d707506191fdba01e4f9f7b1cc
98,rdf,http://localhost:8080/SSstagingFedora4/rest/prod/7w/62/f8/26/7w62f826z/full_text/fcr:metadata,/dlt/scholarsphere/ssrepo1stage/fedora/export/SSstagingFedora4/rest/prod/7w/62/f8/26/7w62f826z/full_text/fcr%3Ametadata.ttl,True,42 triples
99,binary,http://localhost:8080/SSstagingFedora4/rest/prod/7w/62/f8/26/7w62f826z/characterization,/dlt/scholarsphere/ssrepo1stage/fedora/export/SSstagingFedora4/rest/prod/7w/62/f8/26/7w62f826z/characterization.binary,False, != 40e691ebfa182a041121a75b468f5b3bd9e4756b
100,rdf,http://localhost:8080/SSstagingFedora4/rest/prod/7w/62/f8/26/7w62f826z/characterization/fcr:metadata,/dlt/scholarsphere/ssrepo1stage/fedora/export/SSstagingFedora4/rest/prod/7w/62/f8/26/7w62f826z/characterization/fcr%3Ametadata.ttl,True,42 triples
101,binary,http://localhost:8080/SSstagingFedora4/rest/prod/7w/62/f8/26/7w62f826z/content,/dlt/scholarsphere/ssrepo1stage/fedora/export/SSstagingFedora4/rest/prod/7w/62/f8/26/7w62f826z/content.binary,False, != 742a89203a8892e486552ff1fae90d7dcf1c3bd1
102,rdf,http://localhost:8080/SSstagingFedora4/rest/prod/7w/62/f8/26/7w62f826z/content/fcr:metadata,/dlt/scholarsphere/ssrepo1stage/fedora/export/SSstagingFedora4/rest/prod/7w/62/f8/26/7w62f826z/content/fcr%3Ametadata.ttl,True,46 triples
103,rdf,http://localhost:8080/SSstagingFedora4/rest/prod/cd/fb/b7/57/cdfbb757-cae3-44d1-a832-188e64d3f73c,/dlt/scholarsphere/ssrepo1stage/fedora/export/SSstagingFedora4/rest/prod/cd/fb/b7/57/cdfbb757-cae3-44d1-a832-188e64d3f73c.ttl,True,27 triples
104,rdf,http://localhost:8080/SSstagingFedora4/rest/prod/c2/47/ds/16/c247ds16m,/dlt/scholarsphere/ssrepo1stage/fedora/export/SSstagingFedora4/rest/prod/c2/47/ds/16/c247ds16m.ttl,False,45+45 triples - mismatch
105,binary,http://localhost:8080/SSstagingFedora4/rest/prod/c2/47/ds/16/c247ds16m/characterization,/dlt/scholarsphere/ssrepo1stage/fedora/export/SSstagingFedora4/rest/prod/c2/47/ds/16/c247ds16m/characterization.binary,False, != 466ad1613c8cc05e4c1f0b1ad06bbdb33fceb0ed
106,rdf,http://localhost:8080/SSstagingFedora4/rest/prod/c2/47/ds/16/c247ds16m/characterization/fcr:metadata,/dlt/scholarsphere/ssrepo1stage/fedora/export/SSstagingFedora4/rest/prod/c2/47/ds/16/c247ds16m/characterization/fcr%3Ametadata.ttl,True,41 triples
107,binary,http://localhost:8080/SSstagingFedora4/rest/prod/c2/47/ds/16/c247ds16m/full_text,/dlt/scholarsphere/ssrepo1stage/fedora/export/SSstagingFedora4/rest/prod/c2/47/ds/16/c247ds16m/full_text.binary,False, != d0f448c22a9fdcfdf9f52b726075ec4c28abe575
108,rdf,http://localhost:8080/SSstagingFedora4/rest/prod/c2/47/ds/16/c247ds16m/full_text/fcr:metadata,/dlt/scholarsphere/ssrepo1stage/fedora/export/SSstagingFedora4/rest/prod/c2/47/ds/16/c247ds16m/full_text/fcr%3Ametadata.ttl,True,41 triples
109,binary,http://localhost:8080/SSstagingFedora4/rest/prod/c2/47/ds/16/c247ds16m/content,/dlt/scholarsphere/ssrepo1stage/fedora/export/SSstagingFedora4/rest/prod/c2/47/ds/16/c247ds16m/content.binary,False, != 0cf63557e4b1a80c7de3c4e55a92e4e9d6241f20
110,rdf,http://localhost:8080/SSstagingFedora4/rest/prod/c2/47/ds/16/c247ds16m/content/fcr:metadata,/dlt/scholarsphere/ssrepo1stage/fedora/export/SSstagingFedora4/rest/prod/c2/47/ds/16/c247ds16m/content/fcr%3Ametadata.ttl,True,45 triples
111,binary,http://localhost:8080/SSstagingFedora4/rest/prod/c2/47/ds/16/c247ds16m/thumbnail,/dlt/scholarsphere/ssrepo1stage/fedora/export/SSstagingFedora4/rest/prod/c2/47/ds/16/c247ds16m/thumbnail.binary,False, != 833526ed64166703ba7a5b82b9ba710a11434cc5
112,rdf,http://localhost:8080/SSstagingFedora4/rest/prod/c2/47/ds/16/c247ds16m/thumbnail/fcr:metadata,/dlt/scholarsphere/ssrepo1stage/fedora/export/SSstagingFedora4/rest/prod/c2/47/ds/16/c247ds16m/thumbnail/fcr%3Ametadata.ttl,True,41 triples
113,rdf,http://localhost:8080/SSstagingFedora4/rest/prod/0a/61/05/71/0a610571-c78d-4e12-bc5d-6a5092321182,/dlt/scholarsphere/ssrepo1stage/fedora/export/SSstagingFedora4/rest/prod/0a/61/05/71/0a610571-c78d-4e12-bc5d-6a5092321182.ttl,True,27 triples
114,rdf,http://localhost:8080/SSstagingFedora4/rest/prod/63/95/wc/22/6395wc22t,/dlt/scholarsphere/ssrepo1stage/fedora/export/SSstagingFedora4/rest/prod/63/95/wc/22/6395wc22t.ttl,True,41 triples
115,binary,http://localhost:8080/SSstagingFedora4/rest/prod/63/95/wc/22/6395wc22t/characterization,/dlt/scholarsphere/ssrepo1stage/fedora/export/SSstagingFedora4/rest/prod/63/95/wc/22/6395wc22t/characterization.binary,False, != 8106756638453fe7b5d2d26a9785238747c78e99
116,rdf,http://localhost:8080/SSstagingFedora4/rest/prod/63/95/wc/22/6395wc22t/characterization/fcr:metadata,/dlt/scholarsphere/ssrepo1stage/fedora/export/SSstagingFedora4/rest/prod/63/95/wc/22/6395wc22t/characterization/fcr%3Ametadata.ttl,True,42 triples
117,binary,http://localhost:8080/SSstagingFedora4/rest/prod/63/95/wc/22/6395wc22t/thumbnail,/dlt/scholarsphere/ssrepo1stage/fedora/export/SSstagingFedora4/rest/prod/63/95/wc/22/6395wc22t/thumbnail.binary,False, != f536bccda631b100fe4b012d6fc371192ea88155
118,rdf,http://localhost:8080/SSstagingFedora4/rest/prod/63/95/wc/22/6395wc22t/thumbnail/fcr:metadata,/dlt/scholarsphere/ssrepo1stage/fedora/export/SSstagingFedora4/rest/prod/63/95/wc/22/6395wc22t/thumbnail/fcr%3Ametadata.ttl,True,42 triples
119,binary,http://localhost:8080/SSstagingFedora4/rest/prod/63/95/wc/22/6395wc22t/content,/dlt/scholarsphere/ssrepo1stage/fedora/export/SSstagingFedora4/rest/prod/63/95/wc/22/6395wc22t/content.binary,False, != 05489381d13b78044e1f83caedaf75dbb3d57db1
120,rdf,http://localhost:8080/SSstagingFedora4/rest/prod/63/95/wc/22/6395wc22t/content/fcr:metadata,/dlt/scholarsphere/ssrepo1stage/fedora/export/SSstagingFedora4/rest/prod/63/95/wc/22/6395wc22t/content/fcr%3Ametadata.ttl,True,46 triples
121,rdf,http://localhost:8080/SSstagingFedora4/rest/prod/5e/99/bb/9a/5e99bb9a-0ed5-482a-83c8-6b91331c0f99,/dlt/scholarsphere/ssrepo1stage/fedora/export/SSstagingFedora4/rest/prod/5e/99/bb/9a/5e99bb9a-0ed5-482a-83c8-6b91331c0f99.ttl,True,27 triples
122,rdf,http://localhost:8080/SSstagingFedora4/rest/prod/4q/77/fr/39/4q77fr398,/dlt/scholarsphere/ssrepo1stage/fedora/export/SSstagingFedora4/rest/prod/4q/77/fr/39/4q77fr398.ttl,True,25 triples
123,rdf,http://localhost:8080/SSstagingFedora4/rest/prod/4f/7b/ae/bd/4f7baebd-96b9-4001-8c8d-11c05e4cc27a,/dlt/scholarsphere/ssrepo1stage/fedora/export/SSstagingFedora4/rest/prod/4f/7b/ae/bd/4f7baebd-96b9-4001-8c8d-11c05e4cc27a.ttl,True,27 triples
124,rdf,http://localhost:8080/SSstagingFedora4/rest/prod/c4/ea/11/12/c4ea1112-4e86-46c8-9825-50e8d97dc724,/dlt/scholarsphere/ssrepo1stage/fedora/export/SSstagingFedora4/rest/prod/c4/ea/11/12/c4ea1112-4e86-46c8-9825-50e8d97dc724.ttl,True,27 triples
125,rdf,http://localhost:8080/SSstagingFedora4/rest/prod/25/2e/85/a8/252e85a8-031d-4b0b-be16-147f05568636,/dlt/scholarsphere/ssrepo1stage/fedora/export/SSstagingFedora4/rest/prod/25/2e/85/a8/252e85a8-031d-4b0b-be16-147f05568636.ttl,True,27 triples
126,rdf,http://localhost:8080/SSstagingFedora4/rest/prod/97/92/fb/8b/9792fb8b-bc3e-44b7-8b35-88dbf9d2d091,/dlt/scholarsphere/ssrepo1stage/fedora/export/SSstagingFedora4/rest/prod/97/92/fb/8b/9792fb8b-bc3e-44b7-8b35-88dbf9d2d091.ttl,True,27 triples
127,rdf,http://localhost:8080/SSstagingFedora4/rest/prod/77/10/c6/0b/7710c60b-a003-4d25-aba4-bda6e99d8907,/dlt/scholarsphere/ssrepo1stage/fedora/export/SSstagingFedora4/rest/prod/77/10/c6/0b/7710c60b-a003-4d25-aba4-bda6e99d8907.ttl,True,27 triples
128,rdf,http://localhost:8080/SSstagingFedora4/rest/prod/x3/46/dm/94/x346dm94f,/dlt/scholarsphere/ssrepo1stage/fedora/export/SSstagingFedora4/rest/prod/x3/46/dm/94/x346dm94f.ttl,True,35 triples
129,binary,http://localhost:8080/SSstagingFedora4/rest/prod/x3/46/dm/94/x346dm94f/thumbnail,/dlt/scholarsphere/ssrepo1stage/fedora/export/SSstagingFedora4/rest/prod/x3/46/dm/94/x346dm94f/thumbnail.binary,False, != 77c9920bcda9cd723985bcf6df216f1bb273db78
130,rdf,http://localhost:8080/SSstagingFedora4/rest/prod/x3/46/dm/94/x346dm94f/thumbnail/fcr:metadata,/dlt/scholarsphere/ssrepo1stage/fedora/export/SSstagingFedora4/rest/prod/x3/46/dm/94/x346dm94f/thumbnail/fcr%3Ametadata.ttl,True,42 triples
131,binary,http://localhost:8080/SSstagingFedora4/rest/prod/x3/46/dm/94/x346dm94f/content,/dlt/scholarsphere/ssrepo1stage/fedora/export/SSstagingFedora4/rest/prod/x3/46/dm/94/x346dm94f/content.binary,False, != 67740b282ee3ddde7d65931b9f9442e7d36dbc4d
132,rdf,http://localhost:8080/SSstagingFedora4/rest/prod/x3/46/dm/94/x346dm94f/content/fcr:metadata,/dlt/scholarsphere/ssrepo1stage/fedora/export/SSstagingFedora4/rest/prod/x3/46/dm/94/x346dm94f/content/fcr%3Ametadata.ttl,True,46 triples
133,binary,http://localhost:8080/SSstagingFedora4/rest/prod/x3/46/dm/94/x346dm94f/characterization,/dlt/scholarsphere/ssrepo1stage/fedora/export/SSstagingFedora4/rest/prod/x3/46/dm/94/x346dm94f/characterization.binary,False, != b22d59398ee96a7c35c8398f5e2a1b39eaec22e1
134,rdf,http://localhost:8080/SSstagingFedora4/rest/prod/x3/46/dm/94/x346dm94f/characterization/fcr:metadata,/dlt/scholarsphere/ssrepo1stage/fedora/export/SSstagingFedora4/rest/prod/x3/46/dm/94/x346dm94f/characterization/fcr%3Ametadata.ttl,True,42 triples
135,binary,http://localhost:8080/SSstagingFedora4/rest/prod/x3/46/dm/94/x346dm94f/full_text,/dlt/scholarsphere/ssrepo1stage/fedora/export/SSstagingFedora4/rest/prod/x3/46/dm/94/x346dm94f/full_text.binary,False, != e57e15478f9481f5d44403e8b5aad154648659b5
136,rdf,http://localhost:8080/SSstagingFedora4/rest/prod/x3/46/dm/94/x346dm94f/full_text/fcr:metadata,/dlt/scholarsphere/ssrepo1stage/fedora/export/SSstagingFedora4/rest/prod/x3/46/dm/94/x346dm94f/full_text/fcr%3Ametadata.ttl,True,42 triples
137,rdf,http://localhost:8080/SSstagingFedora4/rest/prod/86/cf/23/37/86cf2337-2736-4d6f-a5c8-616f6a06a397,/dlt/scholarsphere/ssrepo1stage/fedora/export/SSstagingFedora4/rest/prod/86/cf/23/37/86cf2337-2736-4d6f-a5c8-616f6a06a397.ttl,True,27 triples
138,rdf,http://localhost:8080/SSstagingFedora4/rest/prod/sf/26/8j/05/sf268j05s,/dlt/scholarsphere/ssrepo1stage/fedora/export/SSstagingFedora4/rest/prod/sf/26/8j/05/sf268j05s.ttl,True,41 triples
139,binary,http://localhost:8080/SSstagingFedora4/rest/prod/sf/26/8j/05/sf268j05s/content,/dlt/scholarsphere/ssrepo1stage/fedora/export/SSstagingFedora4/rest/prod/sf/26/8j/05/sf268j05s/content.binary,False, != 040d5e18a1f5b3a343a131674cad588e6441bf1c
140,rdf,http://localhost:8080/SSstagingFedora4/rest/prod/sf/26/8j/05/sf268j05s/content/fcr:metadata,/dlt/scholarsphere/ssrepo1stage/fedora/export/SSstagingFedora4/rest/prod/sf/26/8j/05/sf268j05s/content/fcr%3Ametadata.ttl,True,46 triples
141,binary,http://localhost:8080/SSstagingFedora4/rest/prod/sf/26/8j/05/sf268j05s/thumbnail,/dlt/scholarsphere/ssrepo1stage/fedora/export/SSstagingFedora4/rest/prod/sf/26/8j/05/sf268j05s/thumbnail.binary,False, != 4ce920a56406f7e084c5d351ce4b1f7480939956
142,rdf,http://localhost:8080/SSstagingFedora4/rest/prod/sf/26/8j/05/sf268j05s/thumbnail/fcr:metadata,/dlt/scholarsphere/ssrepo1stage/fedora/export/SSstagingFedora4/rest/prod/sf/26/8j/05/sf268j05s/thumbnail/fcr%3Ametadata.ttl,True,42 triples
143,binary,http://localhost:8080/SSstagingFedora4/rest/prod/sf/26/8j/05/sf268j05s/characterization,/dlt/scholarsphere/ssrepo1stage/fedora/export/SSstagingFedora4/rest/prod/sf/26/8j/05/sf268j05s/characterization.binary,False, != 0aa75b58e60e38d6ee8e63dcc9763eee389f48e9
144,rdf,http://localhost:8080/SSstagingFedora4/rest/prod/sf/26/8j/05/sf268j05s/characterization/fcr:metadata,/dlt/scholarsphere/ssrepo1stage/fedora/export/SSstagingFedora4/rest/prod/sf/26/8j/05/sf268j05s/characterization/fcr%3Ametadata.ttl,True,42 triples
145,rdf,http://localhost:8080/SSstagingFedora4/rest/prod/86/23/j3/60/8623j3604,/dlt/scholarsphere/ssrepo1stage/fedora/export/SSstagingFedora4/rest/prod/86/23/j3/60/8623j3604.ttl,True,34 triples
146,binary,http://localhost:8080/SSstagingFedora4/rest/prod/86/23/j3/60/8623j3604/full_text,/dlt/scholarsphere/ssrepo1stage/fedora/export/SSstagingFedora4/rest/prod/86/23/j3/60/8623j3604/full_text.binary,False, != 584128476edb5c5422e3099db3f76f711d9b4429
147,rdf,http://localhost:8080/SSstagingFedora4/rest/prod/86/23/j3/60/8623j3604/full_text/fcr:metadata,/dlt/scholarsphere/ssrepo1stage/fedora/export/SSstagingFedora4/rest/prod/86/23/j3/60/8623j3604/full_text/fcr%3Ametadata.ttl,True,42 triples
148,binary,http://localhost:8080/SSstagingFedora4/rest/prod/86/23/j3/60/8623j3604/content,/dlt/scholarsphere/ssrepo1stage/fedora/export/SSstagingFedora4/rest/prod/86/23/j3/60/8623j3604/content.binary,False, != dc40fdef40ab69c06e1c0279aa2f1c3f48e9571f
149,rdf,http://localhost:8080/SSstagingFedora4/rest/prod/86/23/j3/60/8623j3604/content/fcr:metadata,/dlt/scholarsphere/ssrepo1stage/fedora/export/SSstagingFedora4/rest/prod/86/23/j3/60/8623j3604/content/fcr%3Ametadata.ttl,True,46 triples
150,binary,http://localhost:8080/SSstagingFedora4/rest/prod/86/23/j3/60/8623j3604/characterization,/dlt/scholarsphere/ssrepo1stage/fedora/export/SSstagingFedora4/rest/prod/86/23/j3/60/8623j3604/characterization.binary,False, != 3fb076c640dc7bf666090d8f67bd0f53c670f8fc
151,rdf,http://localhost:8080/SSstagingFedora4/rest/prod/86/23/j3/60/8623j3604/characterization/fcr:metadata,/dlt/scholarsphere/ssrepo1stage/fedora/export/SSstagingFedora4/rest/prod/86/23/j3/60/8623j3604/characterization/fcr%3Ametadata.ttl,True,42 triples
152,rdf,http://localhost:8080/SSstagingFedora4/rest/prod/f9/a3/8a/ad/f9a38aad-318b-4d15-9db1-e1af780c0f8b,/dlt/scholarsphere/ssrepo1stage/fedora/export/SSstagingFedora4/rest/prod/f9/a3/8a/ad/f9a38aad-318b-4d15-9db1-e1af780c0f8b.ttl,True,27 triples
153,rdf,http://localhost:8080/SSstagingFedora4/rest/prod/38/52/2f/84/38522f84-f9ad-4d93-b37e-83092f4ba1ed,/dlt/scholarsphere/ssrepo1stage/fedora/export/SSstagingFedora4/rest/prod/38/52/2f/84/38522f84-f9ad-4d93-b37e-83092f4ba1ed.ttl,True,27 triples
154,rdf,http://localhost:8080/SSstagingFedora4/rest/prod/57/a6/30/0d/57a6300d-efa8-46d9-9e7f-4644887b9391,/dlt/scholarsphere/ssrepo1stage/fedora/export/SSstagingFedora4/rest/prod/57/a6/30/0d/57a6300d-efa8-46d9-9e7f-4644887b9391.ttl,True,27 triples
155,rdf,http://localhost:8080/SSstagingFedora4/rest/prod/63/48/ca/10/6348ca10-5c24-4fdf-b596-5fef13159618,/dlt/scholarsphere/ssrepo1stage/fedora/export/SSstagingFedora4/rest/prod/63/48/ca/10/6348ca10-5c24-4fdf-b596-5fef13159618.ttl,True,27 triples
156,rdf,http://localhost:8080/SSstagingFedora4/rest/prod/qf/85/nb/41/qf85nb41q,/dlt/scholarsphere/ssrepo1stage/fedora/export/SSstagingFedora4/rest/prod/qf/85/nb/41/qf85nb41q.ttl,True,38 triples
157,binary,http://localhost:8080/SSstagingFedora4/rest/prod/qf/85/nb/41/qf85nb41q/content,/dlt/scholarsphere/ssrepo1stage/fedora/export/SSstagingFedora4/rest/prod/qf/85/nb/41/qf85nb41q/content.binary,False, != b382233d47dc9c6a18c925501f23a50ec7ad2af5
158,rdf,http://localhost:8080/SSstagingFedora4/rest/prod/qf/85/nb/41/qf85nb41q/content/fcr:metadata,/dlt/scholarsphere/ssrepo1stage/fedora/export/SSstagingFedora4/rest/prod/qf/85/nb/41/qf85nb41q/content/fcr%3Ametadata.ttl,True,45 triples
159,binary,http://localhost:8080/SSstagingFedora4/rest/prod/qf/85/nb/41/qf85nb41q/characterization,/dlt/scholarsphere/ssrepo1stage/fedora/export/SSstagingFedora4/rest/prod/qf/85/nb/41/qf85nb41q/characterization.binary,False, != d8ee4c88c755f7866e30423251c5f28d3b20d311
160,rdf,http://localhost:8080/SSstagingFedora4/rest/prod/qf/85/nb/41/qf85nb41q/characterization/fcr:metadata,/dlt/scholarsphere/ssrepo1stage/fedora/export/SSstagingFedora4/rest/prod/qf/85/nb/41/qf85nb41q/characterization/fcr%3Ametadata.ttl,True,41 triples
161,rdf,http://localhost:8080/SSstagingFedora4/rest/prod/7d/af/ae/ca/7dafaeca-a47a-4125-8ddb-a6de9078a86c,/dlt/scholarsphere/ssrepo1stage/fedora/export/SSstagingFedora4/rest/prod/7d/af/ae/ca/7dafaeca-a47a-4125-8ddb-a6de9078a86c.ttl,True,27 triples
162,rdf,http://localhost:8080/SSstagingFedora4/rest/prod/26/78/d0/bb/2678d0bb-6c02-402a-a302-8a5072dd1dc5,/dlt/scholarsphere/ssrepo1stage/fedora/export/SSstagingFedora4/rest/prod/26/78/d0/bb/2678d0bb-6c02-402a-a302-8a5072dd1dc5.ttl,True,27 triples
163,rdf,http://localhost:8080/SSstagingFedora4/rest/prod/sf/26/85/56/sf2685560,/dlt/scholarsphere/ssrepo1stage/fedora/export/SSstagingFedora4/rest/prod/sf/26/85/56/sf2685560.ttl,True,25 triples
164,rdf,http://localhost:8080/SSstagingFedora4/rest/prod/e5/96/cc/31/e596cc31-8dc3-46cf-b8ef-54487db54fc1,/dlt/scholarsphere/ssrepo1stage/fedora/export/SSstagingFedora4/rest/prod/e5/96/cc/31/e596cc31-8dc3-46cf-b8ef-54487db54fc1.ttl,True,27 triples
165,rdf,http://localhost:8080/SSstagingFedora4/rest/prod/77/a7/1c/ef/77a71cef-ed7f-416a-b1c1-3a7c46347e54,/dlt/scholarsphere/ssrepo1stage/fedora/export/SSstagingFedora4/rest/prod/77/a7/1c/ef/77a71cef-ed7f-416a-b1c1-3a7c46347e54.ttl,True,27 triples
166,rdf,http://localhost:8080/SSstagingFedora4/rest/prod/x3/46/dx/34/x346dx34v,/dlt/scholarsphere/ssrepo1stage/fedora/export/SSstagingFedora4/rest/prod/x3/46/dx/34/x346dx34v.ttl,True,48 triples
167,binary,http://localhost:8080/SSstagingFedora4/rest/prod/x3/46/dx/34/x346dx34v/content,/dlt/scholarsphere/ssrepo1stage/fedora/export/SSstagingFedora4/rest/prod/x3/46/dx/34/x346dx34v/content.binary,False, != d75272959714270da7114410411a7a11590b617a
168,rdf,http://localhost:8080/SSstagingFedora4/rest/prod/x3/46/dx/34/x346dx34v/content/fcr:metadata,/dlt/scholarsphere/ssrepo1stage/fedora/export/SSstagingFedora4/rest/prod/x3/46/dx/34/x346dx34v/content/fcr%3Ametadata.ttl,True,45 triples
169,binary,http://localhost:8080/SSstagingFedora4/rest/prod/x3/46/dx/34/x346dx34v/characterization,/dlt/scholarsphere/ssrepo1stage/fedora/export/SSstagingFedora4/rest/prod/x3/46/dx/34/x346dx34v/characterization.binary,False, != 75d717f52fa8e801ffd2d95234913a69cd86fc51
170,rdf,http://localhost:8080/SSstagingFedora4/rest/prod/x3/46/dx/34/x346dx34v/characterization/fcr:metadata,/dlt/scholarsphere/ssrepo1stage/fedora/export/SSstagingFedora4/rest/prod/x3/46/dx/34/x346dx34v/characterization/fcr%3Ametadata.ttl,True,41 triples
171,binary,http://localhost:8080/SSstagingFedora4/rest/prod/x3/46/dx/34/x346dx34v/thumbnail,/dlt/scholarsphere/ssrepo1stage/fedora/export/SSstagingFedora4/rest/prod/x3/46/dx/34/x346dx34v/thumbnail.binary,False, != 938157e5497b119826a3a4740123ec23132d8802
172,rdf,http://localhost:8080/SSstagingFedora4/rest/prod/x3/46/dx/34/x346dx34v/thumbnail/fcr:metadata,/dlt/scholarsphere/ssrepo1stage/fedora/export/SSstagingFedora4/rest/prod/x3/46/dx/34/x346dx34v/thumbnail/fcr%3Ametadata.ttl,True,41 triples
173,binary,http://localhost:8080/SSstagingFedora4/rest/prod/x3/46/dx/34/x346dx34v/full_text,/dlt/scholarsphere/ssrepo1stage/fedora/export/SSstagingFedora4/rest/prod/x3/46/dx/34/x346dx34v/full_text.binary,False, != f9700c7339a8277a46bc151bcf2d6bacabf15fd4
174,rdf,http://localhost:8080/SSstagingFedora4/rest/prod/x3/46/dx/34/x346dx34v/full_text/fcr:metadata,/dlt/scholarsphere/ssrepo1stage/fedora/export/SSstagingFedora4/rest/prod/x3/46/dx/34/x346dx34v/full_text/fcr%3Ametadata.ttl,True,41 triples
175,rdf,http://localhost:8080/SSstagingFedora4/rest/prod/de/e4/f3/8d/dee4f38d-f406-4e52-aa8c-5ba0b3487f2a,/dlt/scholarsphere/ssrepo1stage/fedora/export/SSstagingFedora4/rest/prod/de/e4/f3/8d/dee4f38d-f406-4e52-aa8c-5ba0b3487f2a.ttl,True,26 triples
